{"cameraMode":{"drawMode":0,"name":"Shaded","section":"Shading Mode"},"sceneLighting":true,"audioPlay":false,"sceneViewState":{"m_AlwaysRefresh":false,"showFog":true,"showSkybox":true,"showFlares":true,"showImageEffects":true,"showParticleSystems":true,"showVisualEffectGraphs":true,"m_FxEnabled":true},"in2DMode":false,"pivot":{"x":5.807989120483398,"y":106.11466217041016,"z":-13.562865257263184},"rotation":{"x":-0.01774512603878975,"y":0.9486935138702393,"z":-0.3110312521457672,"w":-0.05415032431483269},"size":2.7169485092163088,"orthographic":false}